GID,CHROMOSOME
SEN0001,1
SEN0002,1
SEN0003,1
SEN0004,1
SEN0005,1
SEN0006,1
SEN0007,1
SEN0008,1
SEN0009,1
SEN0010,1
SEN0011,1
SEN0012,1
SEN0013,1
SEN0014,1
SEN0015,1
SEN0016,1
SEN0017,1
SEN0018,1
SEN0019,1
SEN0020,1
SEN0021,1
SEN0022,1
SEN0023,1
SEN0024,1
SEN0025,1
SEN0026,1
SEN0027,1
SEN0028,1
SEN0029,1
SEN0030,1
SEN0031,1
SEN0032,1
SEN0033,1
SEN0034,1
SEN0035,1
SEN0036,1
SEN0037,1
SEN0038,1
SEN0039,1
SEN0040,1
SEN0041,1
SEN0042,1
SEN0043,1
SEN0044,1
SEN0045,1
SEN0046,1
SEN0047,1
SEN0048,1
SEN0049,1
SEN0050,1
SEN0052,1
SEN0053,1
SEN0054,1
SEN0055,1
SEN0056,1
SEN0057,1
SEN0058,1
SEN0059,1
SEN0060,1
SEN0061,1
SEN0062,1
SEN0063,1
SEN0064,1
SEN0065,1
SEN0066,1
SEN0067,1
SEN0068,1
SEN0069,1
SEN0071,1
SEN0072,1
SEN0073,1
SEN0074,1
SEN0075,1
SEN0076,1
SEN0077,1
SEN0078,1
SEN0079,1
SEN0080,1
SEN0081,1
SEN0083,1
SEN0084,1
SEN0085,1
SEN0087,1
SEN0088,1
SEN0089,1
SEN0090,1
SEN0091,1
SEN0092,1
SEN0093,1
SEN0094,1
SEN0095,1
SEN0096,1
SEN0097,1
SEN0098,1
SEN0099,1
SEN0100,1
SEN0101,1
SEN0102,1
SEN0103,1
SEN0104,1
SEN0105,1
SEN0106,1
SEN0107,1
SEN0108,1
SEN0109,1
SEN0110,1
SEN0111,1
SEN0112,1
SEN0113,1
SEN0114,1
SEN0116,1
SEN0117,1
SEN0118,1
SEN0119,1
SEN0120,1
SEN0121,1
SEN0122,1
SEN0123,1
SEN0124,1
SEN0125,1
SEN0126,1
SEN0127,1
SEN0128,1
SEN0129,1
SEN0130,1
SEN0131,1
SEN0132,1
SEN0133,1
SEN0134,1
SEN0135,1
SEN0136,1
SEN0137,1
SEN0138,1
SEN0139,1
SEN0141,1
SEN0142,1
SEN0143,1
SEN0144,1
SEN0145,1
SEN0146,1
SEN0147,1
SEN0148,1
SEN0149,1
SEN0150,1
SEN0151,1
SEN0152,1
SEN0153,1
SEN0154,1
SEN0155,1
SEN0156,1
SEN0157,1
SEN0158,1
SEN0159,1
SEN0160,1
SEN0161,1
SEN0162,1
SEN0164,1
SEN0165,1
SEN0166,1
SEN0167,1
SEN0168,1
SEN0169,1
SEN0170,1
SEN0171,1
SEN0172,1
SEN0173,1
SEN0174,1
SEN0175,1
SEN0176,1
SEN0177,1
SEN0178,1
SEN0179,1
SEN0180,1
SEN0181,1
SEN0182,1
SEN0183,1
SEN0184,1
SEN0185,1
SEN0186,1
SEN0187,1
SEN0188,1
SEN0189,1
SEN0190,1
SEN0191,1
SEN0192,1
SEN0193,1
SEN0194,1
SEN0195,1
SEN0196,1
SEN0197,1
SEN0198,1
SEN0199,1
SEN0200,1
SEN0201,1
SEN0202,1
SEN0203,1
SEN0204,1
SEN0205,1
SEN0206,1
SEN0207,1
SEN0208,1
SEN0209,1
SEN0210,1
SEN0211,1
SEN0212,1
SEN0213,1
SEN0214,1
SEN0215,1
SEN0216,1
SEN0217,1
SEN0218,1
SEN0219,1
SEN0220,1
SEN0221,1
SEN0223,1
SEN0224,1
SEN0225,1
SEN0226,1
SEN0227,1
SEN0228,1
SEN0229,1
SEN0230,1
SEN0231,1
SEN0232,1
SEN0233,1
SEN0234,1
SEN0235,1
SEN0236,1
SEN0237,1
SEN0238,1
SEN0239,1
SEN0240,1
SEN0241,1
SEN0242,1
SEN0243,1
SEN0245,1
SEN0246,1
SEN0247,1
SEN0248,1
SEN0249,1
SEN0250,1
SEN0251,1
SEN0252,1
SEN0253,1
SEN0254,1
SEN0255,1
SEN0256,1
SEN0257,1
SEN0258,1
SEN0259,1
SEN0260,1
SEN0261,1
SEN0262,1
SEN0263,1
SEN0264,1
SEN0265,1
SEN0266,1
SEN0267,1
SEN0268,1
SEN0269,1
SEN0270,1
SEN0271,1
SEN0272,1
SEN0274,1
SEN0275,1
SEN0277,1
SEN0278,1
SEN0280,1
SEN0280A,1
SEN0281,1
SEN0282,1
SEN0283,1
SEN0284,1
SEN0285,1
SEN0287,1
SEN0289,1
SEN0290,1
SEN0291,1
SEN0292,1
SEN0293,1
SEN0294,1
SEN0295,1
SEN0296,1
SEN0297,1
SEN0298,1
SEN0299,1
SEN0300,1
SEN0301,1
SEN0302,1
SEN0303,1
SEN0304,1
SEN0305,1
SEN0306,1
SEN0307,1
SEN0308,1
SEN0310,1
SEN0311,1
SEN0312,1
SEN0313,1
SEN0314,1
SEN0315,1
SEN0316,1
SEN0317,1
SEN0318,1
SEN0319,1
SEN0320,1
SEN0321,1
SEN0322,1
SEN0323,1
SEN0324,1
SEN0325,1
SEN0326,1
SEN0327,1
SEN0328,1
SEN0329,1
SEN0330,1
SEN0331,1
SEN0332,1
SEN0333,1
SEN0334,1
SEN0335,1
SEN0336,1
SEN0337,1
SEN0338,1
SEN0339,1
SEN0340,1
SEN0341,1
SEN0342,1
SEN0343,1
SEN0344,1
SEN0346,1
SEN0347,1
SEN0348,1
SEN0349,1
SEN0350,1
SEN0351,1
SEN0352,1
SEN0353,1
SEN0354,1
SEN0355,1
SEN0356,1
SEN0357,1
SEN0358,1
SEN0359,1
SEN0360,1
SEN0361,1
SEN0362,1
SEN0363,1
SEN0364,1
SEN0365,1
SEN0366,1
SEN0367,1
SEN0368,1
SEN0369,1
SEN0370,1
SEN0371,1
SEN0372,1
SEN0373,1
SEN0374,1
SEN0375,1
SEN0376,1
SEN0377,1
SEN0378,1
SEN0379,1
SEN0380,1
SEN0381,1
SEN0382,1
SEN0383,1
SEN0384,1
SEN0385,1
SEN0386,1
SEN0387,1
SEN0388,1
SEN0389,1
SEN0390,1
SEN0391,1
SEN0392,1
SEN0393,1
SEN0394,1
SEN0395,1
SEN0396,1
SEN0397,1
SEN0398,1
SEN0399,1
SEN0400,1
SEN0401,1
SEN0402,1
SEN0403,1
SEN0404,1
SEN0405,1
SEN0406,1
SEN0407,1
SEN0408,1
SEN0409,1
SEN0410,1
SEN0411,1
SEN0412,1
SEN0413,1
SEN0414,1
SEN0415,1
SEN0416,1
SEN0417,1
SEN0418,1
SEN0419,1
SEN0420,1
SEN0421,1
SEN0422,1
SEN0423,1
SEN0424,1
SEN0425,1
SEN0426,1
SEN0427,1
SEN0428,1
SEN0429,1
SEN0430,1
SEN0431,1
SEN0432,1
SEN0433,1
SEN0434,1
SEN0435,1
SEN0436,1
SEN0437,1
SEN0438,1
SEN0439,1
SEN0440,1
SEN0441,1
SEN0442,1
SEN0443,1
SEN0444,1
SEN0445,1
SEN0446,1
SEN0447,1
SEN0448,1
SEN0449,1
SEN0450,1
SEN0451,1
SEN0452,1
SEN0453,1
SEN0454,1
SEN0455,1
SEN0456,1
SEN0457,1
SEN0458,1
SEN0459,1
SEN0460,1
SEN0461,1
SEN0462,1
SEN0463,1
SEN0464,1
SEN0465,1
SEN0466,1
SEN0467,1
SEN0468,1
SEN0469,1
SEN0470,1
SEN0471,1
SEN0472,1
SEN0473,1
SEN0474,1
SEN0475,1
SEN0476,1
SEN0477,1
SEN0478,1
SEN0479,1
SEN0480,1
SEN0481,1
SEN0482,1
SEN0483,1
SEN0484,1
SEN0485,1
SEN0486,1
SEN0487,1
SEN0488,1
SEN0489,1
SEN0490,1
SEN0491,1
SEN0492,1
SEN0493,1
SEN0494,1
SEN0495,1
SEN0496,1
SEN0497,1
SEN0498,1
SEN0499,1
SEN0500,1
SEN0501,1
SEN0503,1
SEN0504,1
SEN0505,1
SEN0506,1
SEN0507,1
SEN0508,1
SEN0509,1
SEN0510,1
SEN0511,1
SEN0512,1
SEN0513,1
SEN0514,1
SEN0515,1
SEN0516,1
SEN0517,1
SEN0518,1
SEN0519,1
SEN0520,1
SEN0521,1
SEN0522,1
SEN0523,1
SEN0524,1
SEN0525,1
SEN0526,1
SEN0527,1
SEN0528,1
SEN0529,1
SEN0530,1
SEN0531,1
SEN0532,1
SEN0533,1
SEN0534,1
SEN0534A,1
SEN0535,1
SEN0536,1
SEN0537,1
SEN0537A,1
SEN0538,1
SEN0538A,1
SEN0539,1
SEN0540,1
SEN0541,1
SEN0542,1
SEN0543,1
SEN0544,1
SEN0545,1
SEN0546,1
SEN0548,1
SEN0549,1
SEN0550,1
SEN0551,1
SEN0551A,1
SEN0552,1
SEN0553,1
SEN0554,1
SEN0555,1
SEN0556,1
SEN0557,1
SEN0558,1
SEN0559,1
SEN0560,1
SEN0561,1
SEN0562,1
SEN0563,1
SEN0564,1
SEN0565,1
SEN0566,1
SEN0567,1
SEN0568,1
SEN0569,1
SEN0570,1
SEN0571,1
SEN0572,1
SEN0573,1
SEN0574,1
SEN0575,1
SEN0576,1
SEN0577,1
SEN0578,1
SEN0579,1
SEN0580,1
SEN0581,1
SEN0582,1
SEN0583,1
SEN0584,1
SEN0585,1
SEN0586,1
SEN0587,1
SEN0588,1
SEN0589,1
SEN0590,1
SEN0591,1
SEN0592,1
SEN0593,1
SEN0594,1
SEN0595,1
SEN0596,1
SEN0597,1
SEN0598,1
SEN0599,1
SEN0600,1
SEN0601,1
SEN0602,1
SEN0603,1
SEN0604,1
SEN0605,1
SEN0606,1
SEN0607,1
SEN0608,1
SEN0609,1
SEN0610,1
SEN0611,1
SEN0612,1
SEN0613,1
SEN0614,1
SEN0615,1
SEN0616,1
SEN0617,1
SEN0618,1
SEN0619,1
SEN0620,1
SEN0621,1
SEN0622,1
SEN0624,1
SEN0625,1
SEN0626,1
SEN0627,1
SEN0628,1
SEN0629,1
SEN0630,1
SEN0631,1
SEN0632,1
SEN0633,1
SEN0634,1
SEN0635,1
SEN0636,1
SEN0637,1
SEN0638,1
SEN0639,1
SEN0640,1
SEN0641,1
SEN0644,1
SEN0645,1
SEN0646,1
SEN0647,1
SEN0648,1
SEN0649,1
SEN0650,1
SEN0651,1
SEN0652,1
SEN0653,1
SEN0654,1
SEN0655,1
SEN0656,1
SEN0657,1
SEN0658,1
SEN0659,1
SEN0660,1
SEN0661,1
SEN0662,1
SEN0663,1
SEN0664,1
SEN0665,1
SEN0666,1
SEN0667,1
SEN0668,1
SEN0669,1
SEN0670,1
SEN0671,1
SEN0672,1
SEN0673,1
SEN0674,1
SEN0675,1
SEN0676,1
SEN0677,1
SEN0678,1
SEN0679,1
SEN0680,1
SEN0681,1
SEN0682,1
SEN0683,1
SEN0684,1
SEN0685,1
SEN0686,1
SEN0687,1
SEN0688,1
SEN0689,1
SEN0690,1
SEN0691,1
SEN0692,1
SEN0693,1
SEN0694,1
SEN0695,1
SEN0696,1
SEN0697,1
SEN0698,1
SEN0699,1
SEN0700,1
SEN0701,1
SEN0702,1
SEN0703,1
SEN0704,1
SEN0705,1
SEN0706,1
SEN0707,1
SEN0708,1
SEN0709,1
SEN0710,1
SEN0711,1
SEN0712,1
SEN0713,1
SEN0714,1
SEN0715,1
SEN0716,1
SEN0717,1
SEN0718,1
SEN0719,1
SEN0720,1
SEN0721,1
SEN0722,1
SEN0723,1
SEN0724,1
SEN0725,1
SEN0726,1
SEN0727,1
SEN0728,1
SEN0729,1
SEN0730,1
SEN0731,1
SEN0732,1
SEN0733,1
SEN0734,1
SEN0735,1
SEN0736,1
SEN0737,1
SEN0738,1
SEN0739,1
SEN0740,1
SEN0741,1
SEN0742,1
SEN0744,1
SEN0745,1
SEN0747,1
SEN0748,1
SEN0749,1
SEN0750,1
SEN0751,1
SEN0752,1
SEN0753,1
SEN0754,1
SEN0757,1
SEN0758,1
SEN0759,1
SEN0760,1
SEN0761,1
SEN0762,1
SEN0763,1
SEN0764,1
SEN0765,1
SEN0766,1
SEN0767,1
SEN0768,1
SEN0769,1
SEN0770,1
SEN0771,1
SEN0772,1
SEN0773,1
SEN0774,1
SEN0775,1
SEN0776,1
SEN0777,1
SEN0778,1
SEN0779,1
SEN0780,1
SEN0781,1
SEN0782,1
SEN0783,1
SEN0784,1
SEN0785,1
SEN0787,1
SEN0788,1
SEN0789,1
SEN0790,1
SEN0791,1
SEN0792,1
SEN0793,1
SEN0794,1
SEN0795,1
SEN0796,1
SEN0797,1
SEN0798,1
SEN0799,1
SEN0800,1
SEN0801,1
SEN0802,1
SEN0803,1
SEN0804,1
SEN0805,1
SEN0806,1
SEN0807,1
SEN0808,1
SEN0809,1
SEN0810,1
SEN0811,1
SEN0812,1
SEN0813,1
SEN0814,1
SEN0815,1
SEN0816,1
SEN0817,1
SEN0818,1
SEN0819,1
SEN0820,1
SEN0821,1
SEN0822,1
SEN0823,1
SEN0824,1
SEN0825,1
SEN0826,1
SEN0827,1
SEN0828,1
SEN0829,1
SEN0830,1
SEN0831,1
SEN0832,1
SEN0833,1
SEN0834,1
SEN0835,1
SEN0836,1
SEN0837,1
SEN0838,1
SEN0839,1
SEN0840,1
SEN0841,1
SEN0842,1
SEN0843,1
SEN0844,1
SEN0845,1
SEN0846,1
SEN0847,1
SEN0848,1
SEN0849,1
SEN0850,1
SEN0851,1
SEN0852,1
SEN0853,1
SEN0853A,1
SEN0854,1
SEN0855,1
SEN0856,1
SEN0857,1
SEN0859,1
SEN0860,1
SEN0861,1
SEN0862,1
SEN0863,1
SEN0864,1
SEN0866,1
SEN0867,1
SEN0868,1
SEN0869,1
SEN0870,1
SEN0871,1
SEN0872,1
SEN0873,1
SEN0874,1
SEN0876,1
SEN0877,1
SEN0878,1
SEN0879,1
SEN0880,1
SEN0881,1
SEN0882,1
SEN0883,1
SEN0884,1
SEN0885,1
SEN0886,1
SEN0887,1
SEN0888,1
SEN0889,1
SEN0890,1
SEN0891,1
SEN0892,1
SEN0893,1
SEN0894,1
SEN0895,1
SEN0896,1
SEN0897,1
SEN0898,1
SEN0899,1
SEN0900,1
SEN0901,1
SEN0902,1
SEN0903,1
SEN0904,1
SEN0905,1
SEN0906,1
SEN0907,1
SEN0908,1
SEN0908A,1
SEN0909,1
SEN0910,1
SEN0912,1
SEN0912A,1
SEN0913,1
SEN0914,1
SEN0916,1
SEN0916A,1
SEN0917,1
SEN0921,1
SEN0922,1
SEN0923,1
SEN0924,1
SEN0925,1
SEN0926,1
SEN0927,1
SEN0928,1
SEN0929,1
SEN0930,1
SEN0931,1
SEN0932,1
SEN0933,1
SEN0934,1
SEN0935,1
SEN0936,1
SEN0937,1
SEN0938,1
SEN0939,1
SEN0940,1
SEN0941,1
SEN0942,1
SEN0943,1
SEN0944,1
SEN0945,1
SEN0946,1
SEN0947,1
SEN0948,1
SEN0949,1
SEN0950,1
SEN0951,1
SEN0952,1
SEN0954,1
SEN0955,1
SEN0956,1
SEN0958,1
SEN0959,1
SEN0960,1
SEN0961,1
SEN0962,1
SEN0963,1
SEN0964,1
SEN0965,1
SEN0966,1
SEN0967,1
SEN0968,1
SEN0969,1
SEN0970,1
SEN0971,1
SEN0972,1
SEN0973,1
SEN0974,1
SEN0975,1
SEN0976,1
SEN0977,1
SEN0978,1
SEN0979,1
SEN0980,1
SEN0981,1
SEN0982,1
SEN0983,1
SEN0984,1
SEN0985,1
SEN0986,1
SEN0986A,1
SEN0987,1
SEN0987B,1
SEN0988,1
SEN0989,1
SEN0990,1
SEN0991,1
SEN0992,1
SEN0993,1
SEN0994,1
SEN0995,1
SEN0998,1
SEN0999,1
SEN1002,1
SEN1003,1
SEN1004,1
SEN1007,1
SEN1009,1
SEN1010,1
SEN1011,1
SEN1013,1
SEN1013A,1
SEN1013B,1
SEN1014,1
SEN1015,1
SEN1016,1
SEN1017,1
SEN1018,1
SEN1019,1
SEN1020,1
SEN1021,1
SEN1022,1
SEN1023,1
SEN1024,1
SEN1025,1
SEN1026,1
SEN1027,1
SEN1028,1
SEN1029,1
SEN1030,1
SEN1031,1
SEN1032,1
SEN1033,1
SEN1034,1
SEN1035,1
SEN1036,1
SEN1037,1
SEN1038,1
SEN1039,1
SEN1040,1
SEN1041,1
SEN1041A,1
SEN1042,1
SEN1043,1
SEN1044,1
SEN1045,1
SEN1046,1
SEN1047,1
SEN1048,1
SEN1049,1
SEN1050,1
SEN1051,1
SEN1052,1
SEN1053,1
SEN1054,1
SEN1055,1
SEN1056,1
SEN1057,1
SEN1058,1
SEN1059,1
SEN1060,1
SEN1061,1
SEN1063,1
SEN1065,1
SEN1066,1
SEN1067,1
SEN1068,1
SEN1069,1
SEN1070,1
SEN1071,1
SEN1072,1
SEN1073,1
SEN1074,1
SEN1075,1
SEN1076,1
SEN1077,1
SEN1078,1
SEN1079,1
SEN1080,1
SEN1081,1
SEN1082,1
SEN1083,1
SEN1084,1
SEN1085,1
SEN1086,1
SEN1087,1
SEN1088,1
SEN1089,1
SEN1090,1
SEN1091,1
SEN1092,1
SEN1093,1
SEN1094,1
SEN1095,1
SEN1096,1
SEN1097,1
SEN1098,1
SEN1099,1
SEN1100,1
SEN1101,1
SEN1102,1
SEN1103,1
SEN1104,1
SEN1105,1
SEN1106,1
SEN1107,1
SEN1108,1
SEN1109,1
SEN1110,1
SEN1111,1
SEN1112,1
SEN1113,1
SEN1114,1
SEN1115,1
SEN1116,1
SEN1117,1
SEN1118,1
SEN1119,1
SEN1120,1
SEN1121,1
SEN1122,1
SEN1123,1
SEN1124,1
SEN1125,1
SEN1126,1
SEN1127,1
SEN1128,1
SEN1129,1
SEN1130,1
SEN1131,1
SEN1132,1
SEN1133,1
SEN1136,1
SEN1137,1
SEN1138,1
SEN1139,1
SEN1140,1
SEN1142,1
SEN1143,1
SEN1144,1
SEN1145,1
SEN1146,1
SEN1147,1
SEN1149,1
SEN1150,1
SEN1151,1
SEN1152,1
SEN1154,1
SEN1155,1
SEN1156,1
SEN1158,1
SEN1160,1
SEN1161,1
SEN1162,1
SEN1164,1
SEN1165,1
SEN1167,1
SEN1167A,1
SEN1171B,1
SEN1172,1
SEN1173,1
SEN1174,1
SEN1175,1
SEN1176,1
SEN1178,1
SEN1179,1
SEN1180,1
SEN1181,1
SEN1182,1
SEN1183,1
SEN1184,1
SEN1185,1
SEN1186,1
SEN1187,1
SEN1188,1
SEN1189,1
SEN1190,1
SEN1191,1
SEN1192,1
SEN1193,1
SEN1194,1
SEN1195,1
SEN1196,1
SEN1197,1
SEN1198,1
SEN1199,1
SEN1200,1
SEN1201,1
SEN1202,1
SEN1203,1
SEN1204,1
SEN1205,1
SEN1206,1
SEN1207,1
SEN1209,1
SEN1210,1
SEN1211,1
SEN1212,1
SEN1213,1
SEN1214,1
SEN1215,1
SEN1216,1
SEN1217,1
SEN1218,1
SEN1219,1
SEN1220,1
SEN1221,1
SEN1222,1
SEN1223,1
SEN1224,1
SEN1225,1
SEN1226,1
SEN1227,1
SEN1228,1
SEN1229,1
SEN1230,1
SEN1231,1
SEN1232,1
SEN1233,1
SEN1234,1
SEN1235,1
SEN1236,1
SEN1237,1
SEN1238,1
SEN1239,1
SEN1240,1
SEN1241,1
SEN1242,1
SEN1244,1
SEN1245,1
SEN1246,1
SEN1247,1
SEN1248,1
SEN1249,1
SEN1250,1
SEN1251,1
SEN1255,1
SEN1256,1
SEN1257,1
SEN1258,1
SEN1259,1
SEN1260,1
SEN1261,1
SEN1262,1
SEN1263,1
SEN1264,1
SEN1265,1
SEN1266,1
SEN1267,1
SEN1268,1
SEN1269,1
SEN1270,1
SEN1271,1
SEN1272,1
SEN1273,1
SEN1274,1
SEN1275,1
SEN1276,1
SEN1277,1
SEN1278,1
SEN1279,1
SEN1280,1
SEN1281,1
SEN1282,1
SEN1283,1
SEN1284,1
SEN1285,1
SEN1286,1
SEN1287,1
SEN1288,1
SEN1289,1
SEN1290,1
SEN1291,1
SEN1292,1
SEN1293,1
SEN1294,1
SEN1295,1
SEN1296,1
SEN1297,1
SEN1298,1
SEN1299,1
SEN1300,1
SEN1301,1
SEN1302,1
SEN1303,1
SEN1304,1
SEN1305,1
SEN1306,1
SEN1307,1
SEN1308,1
SEN1309,1
SEN1310,1
SEN1311,1
SEN1312,1
SEN1313,1
SEN1314,1
SEN1315,1
SEN1316,1
SEN1317,1
SEN1318,1
SEN1319,1
SEN1320,1
SEN1321,1
SEN1322,1
SEN1323,1
SEN1324,1
SEN1325,1
SEN1326,1
SEN1327,1
SEN1328,1
SEN1329,1
SEN1330,1
SEN1331,1
SEN1332,1
SEN1335,1
SEN1336,1
SEN1337,1
SEN1338,1
SEN1339,1
SEN1340,1
SEN1341,1
SEN1342,1
SEN1343,1
SEN1344,1
SEN1345,1
SEN1346,1
SEN1347,1
SEN1348,1
SEN1349,1
SEN1350,1
SEN1351,1
SEN1352,1
SEN1353,1
SEN1354,1
SEN1355,1
SEN1356,1
SEN1357,1
SEN1358,1
SEN1359,1
SEN1360,1
SEN1360A,1
SEN1361,1
SEN1362,1
SEN1363,1
SEN1364,1
SEN1365,1
SEN1365A,1
SEN1366,1
SEN1367,1
SEN1368,1
SEN1369,1
SEN1370,1
SEN1371,1
SEN1372,1
SEN1373,1
SEN1374,1
SEN1375,1
SEN1376,1
SEN1377,1
SEN1378,1
SEN1379,1
SEN1381,1
SEN1383,1
SEN1384,1
SEN1386,1
SEN1387,1
SEN1389,1
SEN1390,1
SEN1391,1
SEN1393,1
SEN1394,1
SEN1395,1
SEN1396,1
SEN1398,1
SEN1399,1
SEN1400,1
SEN1401,1
SEN1403,1
SEN1404,1
SEN1405,1
SEN1406,1
SEN1407,1
SEN1408,1
SEN1409,1
SEN1410,1
SEN1411,1
SEN1412,1
SEN1413,1
SEN1414,1
SEN1415,1
SEN1417,1
SEN1418,1
SEN1419,1
SEN1420,1
SEN1421,1
SEN1422,1
SEN1423,1
SEN1423A,1
SEN1424,1
SEN1425,1
SEN1426,1
SEN1427,1
SEN1428,1
SEN1429,1
SEN1430,1
SEN1431,1
SEN1432,1
SEN1433,1
SEN1434,1
SEN1435,1
SEN1436,1
SEN1437,1
SEN1438,1
SEN1439,1
SEN1440,1
SEN1441,1
SEN1442,1
SEN1443,1
SEN1444,1
SEN1445,1
SEN1446,1
SEN1447,1
SEN1448,1
SEN1449,1
SEN1450,1
SEN1451,1
SEN1452,1
SEN1453,1
SEN1454,1
SEN1455,1
SEN1456,1
SEN1457,1
SEN1458,1
SEN1459,1
SEN1460,1
SEN1461,1
SEN1462,1
SEN1463,1
SEN1464,1
SEN1465,1
SEN1466,1
SEN1467,1
SEN1468,1
SEN1469,1
SEN1470,1
SEN1471,1
SEN1472,1
SEN1473,1
SEN1474,1
SEN1475,1
SEN1476,1
SEN1477,1
SEN1478,1
SEN1479,1
SEN1480,1
SEN1481,1
SEN1482,1
SEN1483,1
SEN1484,1
SEN1485,1
SEN1486,1
SEN1487,1
SEN1488,1
SEN1489,1
SEN1490,1
SEN1491,1
SEN1492,1
SEN1493,1
SEN1494,1
SEN1495,1
SEN1496,1
SEN1497,1
SEN1498,1
SEN1499,1
SEN1500,1
SEN1501,1
SEN1502,1
SEN1503,1
SEN1504,1
SEN1505,1
SEN1506,1
SEN1507,1
SEN1508,1
SEN1509,1
SEN1510,1
SEN1511,1
SEN1512,1
SEN1513,1
SEN1514,1
SEN1515,1
SEN1516,1
SEN1517,1
SEN1518,1
SEN1519,1
SEN1520,1
SEN1521,1
SEN1522,1
SEN1523,1
SEN1524,1
SEN1525,1
SEN1526,1
SEN1527,1
SEN1528,1
SEN1529,1
SEN1530,1
SEN1531,1
SEN1532,1
SEN1533,1
SEN1534,1
SEN1535,1
SEN1536,1
SEN1537,1
SEN1538,1
SEN1539,1
SEN1540,1
SEN1541,1
SEN1542,1
SEN1543,1
SEN1543A,1
SEN1544,1
SEN1545,1
SEN1546,1
SEN1547,1
SEN1548,1
SEN1549,1
SEN1550,1
SEN1551,1
SEN1552,1
SEN1553,1
SEN1554,1
SEN1555,1
SEN1556,1
SEN1557,1
SEN1558,1
SEN1559,1
SEN1560,1
SEN1561,1
SEN1562,1
SEN1563,1
SEN1564,1
SEN1565,1
SEN1566,1
SEN1567,1
SEN1568,1
SEN1569,1
SEN1570,1
SEN1571,1
SEN1572,1
SEN1573,1
SEN1574,1
SEN1575,1
SEN1576,1
SEN1577,1
SEN1578,1
SEN1579,1
SEN1581,1
SEN1582,1
SEN1583,1
SEN1583A,1
SEN1583B,1
SEN1584,1
SEN1585,1
SEN1586,1
SEN1587,1
SEN1588,1
SEN1589,1
SEN1590,1
SEN1591,1
SEN1592,1
SEN1593,1
SEN1594,1
SEN1595,1
SEN1596,1
SEN1597,1
SEN1598,1
SEN1599,1
SEN1600,1
SEN1601,1
SEN1602,1
SEN1603,1
SEN1604,1
SEN1605,1
SEN1606,1
SEN1607,1
SEN1608,1
SEN1609,1
SEN1610,1
SEN1611,1
SEN1612,1
SEN1613,1
SEN1614,1
SEN1615,1
SEN1616,1
SEN1617,1
SEN1618,1
SEN1619,1
SEN1620,1
SEN1621,1
SEN1622,1
SEN1623,1
SEN1624,1
SEN1625,1
SEN1626,1
SEN1627,1
SEN1628,1
SEN1629,1
SEN1630,1
SEN1631,1
SEN1632,1
SEN1633,1
SEN1634,1
SEN1635,1
SEN1636,1
SEN1637,1
SEN1638,1
SEN1639,1
SEN1640,1
SEN1641,1
SEN1642,1
SEN1643,1
SEN1644,1
SEN1645,1
SEN1646,1
SEN1647,1
SEN1648,1
SEN1649,1
SEN1650,1
SEN1651,1
SEN1652,1
SEN1653,1
SEN1654,1
SEN1655,1
SEN1656,1
SEN1657,1
SEN1658,1
SEN1659,1
SEN1660,1
SEN1661,1
SEN1662,1
SEN1663,1
SEN1664,1
SEN1665,1
SEN1666,1
SEN1667,1
SEN1668,1
SEN1669,1
SEN1670,1
SEN1671,1
SEN1672,1
SEN1673,1
SEN1674,1
SEN1675,1
SEN1676,1
SEN1677,1
SEN1678,1
SEN1679,1
SEN1680,1
SEN1681,1
SEN1682,1
SEN1683,1
SEN1684,1
SEN1685,1
SEN1686,1
SEN1687,1
SEN1688,1
SEN1689,1
SEN1690,1
SEN1691,1
SEN1692,1
SEN1693,1
SEN1694,1
SEN1695,1
SEN1696,1
SEN1697,1
SEN1698,1
SEN1699,1
SEN1700,1
SEN1701,1
SEN1702,1
SEN1703,1
SEN1704,1
SEN1705,1
SEN1706,1
SEN1707,1
SEN1708,1
SEN1709,1
SEN1710,1
SEN1711,1
SEN1712,1
SEN1713,1
SEN1714,1
SEN1715,1
SEN1716,1
SEN1717,1
SEN1718,1
SEN1719,1
SEN1720,1
SEN1721,1
SEN1722,1
SEN1723,1
SEN1724,1
SEN1725,1
SEN1726,1
SEN1727,1
SEN1728,1
SEN1729,1
SEN1730,1
SEN1731,1
SEN1732,1
SEN1733,1
SEN1734,1
SEN1735,1
SEN1736,1
SEN1737,1
SEN1738,1
SEN1739,1
SEN1740,1
SEN1741,1
SEN1742,1
SEN1743,1
SEN1744,1
SEN1745,1
SEN1746,1
SEN1747,1
SEN1748,1
SEN1749,1
SEN1750,1
SEN1751,1
SEN1752,1
SEN1753,1
SEN1754,1
SEN1755,1
SEN1756,1
SEN1757,1
SEN1758,1
SEN1759,1
SEN1760,1
SEN1761,1
SEN1762,1
SEN1763,1
SEN1764,1
SEN1765,1
SEN1766,1
SEN1767,1
SEN1768,1
SEN1769,1
SEN1770,1
SEN1771,1
SEN1772,1
SEN1773,1
SEN1774,1
SEN1775,1
SEN1776,1
SEN1777,1
SEN1779,1
SEN1780,1
SEN1781,1
SEN1782,1
SEN1783,1
SEN1785,1
SEN1786,1
SEN1787,1
SEN1788,1
SEN1789,1
SEN1790,1
SEN1791,1
SEN1792,1
SEN1793,1
SEN1794,1
SEN1795,1
SEN1796,1
SEN1797,1
SEN1798,1
SEN1799,1
SEN1800,1
SEN1801,1
SEN1802,1
SEN1803,1
SEN1804,1
SEN1805,1
SEN1806,1
SEN1807,1
SEN1810,1
SEN1811,1
SEN1812,1
SEN1813,1
SEN1814,1
SEN1815,1
SEN1816,1
SEN1817,1
SEN1818,1
SEN1819,1
SEN1820,1
SEN1821,1
SEN1822,1
SEN1823,1
SEN1824,1
SEN1825,1
SEN1826,1
SEN1827,1
SEN1828,1
SEN1829,1
SEN1830,1
SEN1831,1
SEN1832,1
SEN1833,1
SEN1834,1
SEN1835,1
SEN1836,1
SEN1837,1
SEN1838,1
SEN1839,1
SEN1840,1
SEN1841,1
SEN1842,1
SEN1843,1
SEN1844,1
SEN1845,1
SEN1846,1
SEN1847,1
SEN1848,1
SEN1849,1
SEN1850,1
SEN1851,1
SEN1852,1
SEN1853,1
SEN1854,1
SEN1855,1
SEN1856,1
SEN1857,1
SEN1858,1
SEN1859,1
SEN1860,1
SEN1862,1
SEN1863,1
SEN1864,1
SEN1865,1
SEN1866,1
SEN1867,1
SEN1868,1
SEN1869,1
SEN1870,1
SEN1871,1
SEN1872,1
SEN1873,1
SEN1874,1
SEN1875,1
SEN1876,1
SEN1877,1
SEN1878,1
SEN1879,1
SEN1880,1
SEN1881,1
SEN1882,1
SEN1883,1
SEN1884,1
SEN1885,1
SEN1886,1
SEN1887,1
SEN1888,1
SEN1889,1
SEN1890,1
SEN1891,1
SEN1892,1
SEN1893,1
SEN1894,1
SEN1895,1
SEN1896,1
SEN1897,1
SEN1898,1
SEN1899,1
SEN1900,1
SEN1901,1
SEN1902,1
SEN1903,1
SEN1904,1
SEN1905,1
SEN1906,1
SEN1907,1
SEN1908,1
SEN1909,1
SEN1910,1
SEN1911,1
SEN1912,1
SEN1913,1
SEN1914A,1
SEN1914B,1
SEN1915,1
SEN1916,1
SEN1919A,1
SEN1920,1
SEN1921,1
SEN1922,1
SEN1923,1
SEN1924,1
SEN1925,1
SEN1926,1
SEN1927,1
SEN1928,1
SEN1929,1
SEN1930,1
SEN1931,1
SEN1932,1
SEN1932A,1
SEN1933,1
SEN1934,1
SEN1935,1
SEN1935A,1
SEN1936,1
SEN1937,1
SEN1938,1
SEN1939,1
SEN1940,1
SEN1941,1
SEN1942,1
SEN1943,1
SEN1944,1
SEN1945,1
SEN1947,1
SEN1948,1
SEN1949,1
SEN1949A,1
SEN1950,1
SEN1951,1
SEN1952,1
SEN1953,1
SEN1954,1
SEN1955,1
SEN1959,1
SEN1960,1
SEN1961,1
SEN1962,1
SEN1963,1
SEN1964,1
SEN1965,1
SEN1965A,1
SEN1966,1
SEN1967,1
SEN1968,1
SEN1970,1
SEN1971,1
SEN1971A,1
SEN1975,1
SEN1976,1
SEN1977,1
SEN1978,1
SEN1979,1
SEN1980,1
SEN1981A,1
SEN1982,1
SEN1983,1
SEN1984,1
SEN1985,1
SEN1986,1
SEN1987,1
SEN1988,1
SEN1990,1
SEN1991,1
SEN1992,1
SEN1993,1
SEN1994,1
SEN1995,1
SEN1996,1
SEN1997,1
SEN1998,1
SEN1999,1
SEN2001,1
SEN2003,1
SEN2004,1
SEN2005,1
SEN2006,1
SEN2007,1
SEN2008,1
SEN2008A,1
SEN2011,1
SEN2013,1
SEN2014,1
SEN2015,1
SEN2016,1
SEN2017,1
SEN2018,1
SEN2019,1
SEN2020,1
SEN2021,1
SEN2022,1
SEN2023,1
SEN2024,1
SEN2025,1
SEN2026,1
SEN2027,1
SEN2028,1
SEN2029,1
SEN2030,1
SEN2031,1
SEN2032,1
SEN2033,1
SEN2034,1
SEN2035,1
SEN2036,1
SEN2037,1
SEN2038,1
SEN2039,1
SEN2040,1
SEN2041,1
SEN2042,1
SEN2043,1
SEN2044,1
SEN2045,1
SEN2046,1
SEN2047,1
SEN2048,1
SEN2049,1
SEN2050,1
SEN2051,1
SEN2052,1
SEN2053,1
SEN2054,1
SEN2055,1
SEN2056,1
SEN2057,1
SEN2058,1
SEN2059,1
SEN2060,1
SEN2061,1
SEN2062,1
SEN2063,1
SEN2065,1
SEN2066,1
SEN2067,1
SEN2068,1
SEN2069,1
SEN2070,1
SEN2071,1
SEN2072,1
SEN2073,1
SEN2074,1
SEN2075,1
SEN2076,1
SEN2077,1
SEN2078,1
SEN2079,1
SEN2080,1
SEN2081,1
SEN2082,1
SEN2083,1
SEN2084,1
SEN2085,1
SEN2085A,1
SEN2085B,1
SEN2085C,1
SEN2085D,1
SEN2086,1
SEN2087,1
SEN2088,1
SEN2089,1
SEN2090,1
SEN2091,1
SEN2092,1
SEN2093,1
SEN2094,1
SEN2095,1
SEN2096,1
SEN2097,1
SEN2098,1
SEN2099,1
SEN2100,1
SEN2101,1
SEN2102,1
SEN2103,1
SEN2104,1
SEN2105,1
SEN2106,1
SEN2107,1
SEN2108,1
SEN2109,1
SEN2110,1
SEN2111,1
SEN2112,1
SEN2113,1
SEN2114,1
SEN2115,1
SEN2116,1
SEN2117,1
SEN2118,1
SEN2119,1
SEN2120,1
SEN2121,1
SEN2122,1
SEN2123,1
SEN2124,1
SEN2125,1
SEN2126,1
SEN2127,1
SEN2128,1
SEN2129,1
SEN2130,1
SEN2131,1
SEN2133,1
SEN2136,1
SEN2137,1
SEN2138,1
SEN2139,1
SEN2140,1
SEN2141,1
SEN2142,1
SEN2143,1
SEN2144,1
SEN2144A,1
SEN2145,1
SEN2145A,1
SEN2145B,1
SEN2146,1
SEN2147,1
SEN2148,1
SEN2149,1
SEN2150,1
SEN2151,1
SEN2152,1
SEN2153,1
SEN2154,1
SEN2156,1
SEN2157,1
SEN2158,1
SEN2159,1
SEN2160,1
SEN2161,1
SEN2162,1
SEN2163,1
SEN2164,1
SEN2165,1
SEN2166,1
SEN2167,1
SEN2168,1
SEN2169,1
SEN2170,1
SEN2171,1
SEN2172,1
SEN2173,1
SEN2174,1
SEN2175,1
SEN2176,1
SEN2177,1
SEN2178,1
SEN2179,1
SEN2180,1
SEN2181,1
SEN2182,1
SEN2183,1
SEN2184,1
SEN2185,1
SEN2186,1
SEN2187,1
SEN2188,1
SEN2189,1
SEN2190,1
SEN2191,1
SEN2192,1
SEN2193,1
SEN2194,1
SEN2195,1
SEN2196,1
SEN2197,1
SEN2198,1
SEN2199,1
SEN2200,1
SEN2201,1
SEN2203,1
SEN2204,1
SEN2205,1
SEN2206,1
SEN2207,1
SEN2208,1
SEN2209,1
SEN2210,1
SEN2211,1
SEN2212,1
SEN2213,1
SEN2214,1
SEN2215,1
SEN2216,1
SEN2217,1
SEN2218,1
SEN2219,1
SEN2220,1
SEN2221,1
SEN2223,1
SEN2224,1
SEN2225,1
SEN2226,1
SEN2227,1
SEN2228,1
SEN2229,1
SEN2230,1
SEN2231,1
SEN2232,1
SEN2233,1
SEN2234,1
SEN2235,1
SEN2236,1
SEN2237,1
SEN2238,1
SEN2239,1
SEN2240,1
SEN2241,1
SEN2242,1
SEN2243,1
SEN2244,1
SEN2245,1
SEN2246,1
SEN2247,1
SEN2248,1
SEN2249,1
SEN2250,1
SEN2251,1
SEN2252,1
SEN2253,1
SEN2254,1
SEN2255,1
SEN2256,1
SEN2257,1
SEN2258,1
SEN2259,1
SEN2260,1
SEN2261,1
SEN2262,1
SEN2263,1
SEN2264,1
SEN2265,1
SEN2266,1
SEN2267,1
SEN2268,1
SEN2269,1
SEN2270,1
SEN2271,1
SEN2272,1
SEN2273,1
SEN2274,1
SEN2275,1
SEN2276,1
SEN2277,1
SEN2278,1
SEN2279,1
SEN2280,1
SEN2281,1
SEN2282,1
SEN2283,1
SEN2284,1
SEN2285,1
SEN2286,1
SEN2287,1
SEN2288,1
SEN2289,1
SEN2290,1
SEN2291,1
SEN2292,1
SEN2293,1
SEN2294,1
SEN2295,1
SEN2296,1
SEN2297,1
SEN2298,1
SEN2299,1
SEN2300,1
SEN2301,1
SEN2302,1
SEN2303,1
SEN2304,1
SEN2305,1
SEN2306,1
SEN2307,1
SEN2308,1
SEN2309,1
SEN2310,1
SEN2312,1
SEN2313,1
SEN2314,1
SEN2315,1
SEN2316,1
SEN2317,1
SEN2318,1
SEN2319,1
SEN2320,1
SEN2321,1
SEN2322,1
SEN2323,1
SEN2324,1
SEN2325,1
SEN2326,1
SEN2327,1
SEN2328,1
SEN2329,1
SEN2330,1
SEN2331,1
SEN2332,1
SEN2333,1
SEN2334,1
SEN2335,1
SEN2336,1
SEN2337,1
SEN2338,1
SEN2339,1
SEN2340,1
SEN2341,1
SEN2342,1
SEN2343,1
SEN2344,1
SEN2345,1
SEN2346,1
SEN2347,1
SEN2348,1
SEN2349,1
SEN2350,1
SEN2351,1
SEN2352,1
SEN2353,1
SEN2354,1
SEN2355,1
SEN2356,1
SEN2357,1
SEN2358,1
SEN2359,1
SEN2360,1
SEN2361,1
SEN2362,1
SEN2363,1
SEN2364,1
SEN2365,1
SEN2366,1
SEN2367,1
SEN2368,1
SEN2369,1
SEN2370,1
SEN2371,1
SEN2372,1
SEN2373,1
SEN2374,1
SEN2375,1
SEN2375A,1
SEN2376,1
SEN2377,1
SEN2378,1
SEN2380,1
SEN2380A,1
SEN2381,1
SEN2382,1
SEN2383,1
SEN2384,1
SEN2385,1
SEN2386,1
SEN2387,1
SEN2388,1
SEN2389,1
SEN2390,1
SEN2391,1
SEN2392,1
SEN2393,1
SEN2394,1
SEN2395,1
SEN2396,1
SEN2397,1
SEN2398,1
SEN2399,1
SEN2400,1
SEN2402,1
SEN2403,1
SEN2404,1
SEN2405,1
SEN2406,1
SEN2407,1
SEN2408,1
SEN2409,1
SEN2410,1
SEN2411,1
SEN2412,1
SEN2413,1
SEN2414,1
SEN2415,1
SEN2416,1
SEN2417,1
SEN2418,1
SEN2419,1
SEN2420,1
SEN2421,1
SEN2422,1
SEN2423,1
SEN2424,1
SEN2425,1
SEN2426,1
SEN2427,1
SEN2428,1
SEN2429,1
SEN2430,1
SEN2431,1
SEN2432,1
SEN2433,1
SEN2434,1
SEN2435,1
SEN2436,1
SEN2437,1
SEN2438,1
SEN2439,1
SEN2440,1
SEN2441,1
SEN2442,1
SEN2443,1
SEN2444,1
SEN2445,1
SEN2446,1
SEN2447,1
SEN2448,1
SEN2449,1
SEN2450,1
SEN2451,1
SEN2452,1
SEN2453,1
SEN2454,1
SEN2455,1
SEN2456,1
SEN2457,1
SEN2458,1
SEN2459,1
SEN2460,1
SEN2461,1
SEN2462,1
SEN2463,1
SEN2464,1
SEN2465,1
SEN2466,1
SEN2467,1
SEN2468,1
SEN2469,1
SEN2470,1
SEN2471,1
SEN2472,1
SEN2473,1
SEN2474,1
SEN2475,1
SEN2476,1
SEN2477,1
SEN2478,1
SEN2479,1
SEN2480,1
SEN2481,1
SEN2482,1
SEN2483,1
SEN2484,1
SEN2485,1
SEN2488,1
SEN2489,1
SEN2490,1
SEN2491,1
SEN2492,1
SEN2493,1
SEN2494,1
SEN2495,1
SEN2496,1
SEN2497,1
SEN2498,1
SEN2499,1
SEN2500,1
SEN2501,1
SEN2502,1
SEN2503,1
SEN2504,1
SEN2505,1
SEN2506,1
SEN2507,1
SEN2508,1
SEN2509,1
SEN2510,1
SEN2511,1
SEN2512,1
SEN2513,1
SEN2514,1
SEN2515,1
SEN2516,1
SEN2517,1
SEN2518,1
SEN2519,1
SEN2520,1
SEN2521,1
SEN2522,1
SEN2523,1
SEN2524,1
SEN2525,1
SEN2526,1
SEN2527,1
SEN2528,1
SEN2529,1
SEN2530,1
SEN2531,1
SEN2532,1
SEN2533,1
SEN2534,1
SEN2535,1
SEN2536,1
SEN2537,1
SEN2538,1
SEN2539,1
SEN2540,1
SEN2541,1
SEN2542,1
SEN2543,1
SEN2544,1
SEN2545,1
SEN2547,1
SEN2548,1
SEN2549,1
SEN2550,1
SEN2551,1
SEN2552,1
SEN2553,1
SEN2554,1
SEN2555,1
SEN2556,1
SEN2557,1
SEN2558,1
SEN2559,1
SEN2560,1
SEN2561,1
SEN2562,1
SEN2563,1
SEN2564,1
SEN2565,1
SEN2566,1
SEN2567,1
SEN2568,1
SEN2569,1
SEN2570,1
SEN2571,1
SEN2572,1
SEN2573,1
SEN2574,1
SEN2575,1
SEN2576,1
SEN2577,1
SEN2578,1
SEN2579,1
SEN2580,1
SEN2581,1
SEN2582,1
SEN2583,1
SEN2584,1
SEN2585,1
SEN2586,1
SEN2587,1
SEN2588,1
SEN2589,1
SEN2590,1
SEN2591,1
SEN2592,1
SEN2593,1
SEN2594,1
SEN2595,1
SEN2596,1
SEN2597,1
SEN2598,1
SEN2599,1
SEN2600,1
SEN2601,1
SEN2602,1
SEN2603,1
SEN2604,1
SEN2605,1
SEN2606,1
SEN2607,1
SEN2608,1
SEN2609,1
SEN2610,1
SEN2611,1
SEN2612,1
SEN2614,1
SEN2618,1
SEN2616,1
SEN2619,1
SEN2620,1
SEN2621,1
SEN2622,1
SEN2623,1
SEN2624,1
SEN2625,1
SEN2626,1
SEN2627,1
SEN2628,1
SEN2629,1
SEN2630,1
SEN2631,1
SEN2632,1
SEN2633,1
SEN2634,1
SEN2635,1
SEN2636,1
SEN2637,1
SEN2638,1
SEN2639,1
SEN2640,1
SEN2641,1
SEN2642,1
SEN2643,1
SEN2644,1
SEN2645,1
SEN2646,1
SEN2647,1
SEN2648,1
SEN2650,1
SEN2651,1
SEN2652,1
SEN2653,1
SEN2654,1
SEN2655,1
SEN2656,1
SEN2657,1
SEN2658,1
SEN2659,1
SEN2660,1
SEN2661,1
SEN2662,1
SEN2663,1
SEN2664,1
SEN2665,1
SEN2667,1
SEN2668,1
SEN2669,1
SEN2670,1
SEN2671,1
SEN2672,1
SEN2673,1
SEN2674,1
SEN2675,1
SEN2676,1
SEN2677,1
SEN2678,1
SEN2679,1
SEN2680,1
SEN2681,1
SEN2682,1
SEN2683,1
SEN2684,1
SEN2685,1
SEN2687,1
SEN2688,1
SEN2689,1
SEN2690,1
SEN2691,1
SEN2692,1
SEN2693,1
SEN2694,1
SEN2695,1
SEN2696,1
SEN2697,1
SEN2698,1
SEN2699,1
SEN2700,1
SEN2701,1
SEN2702,1
SEN2703,1
SEN2704,1
SEN2705,1
SEN2706,1
SEN2707,1
SEN2708,1
SEN2709,1
SEN2710,1
SEN2711,1
SEN2712,1
SEN2713,1
SEN2714,1
SEN2715,1
SEN2716,1
SEN2717,1
SEN2718,1
SEN2719,1
SEN2720,1
SEN2721,1
SEN2722,1
SEN2723,1
SEN2724,1
SEN2725,1
SEN2726,1
SEN2727,1
SEN2728,1
SEN2729,1
SEN2730,1
SEN2731,1
SEN2732,1
SEN2733,1
SEN2734,1
SEN2735,1
SEN2736,1
SEN2737,1
SEN2738,1
SEN2739,1
SEN2740,1
SEN2741,1
SEN2742,1
SEN2743,1
SEN2744,1
SEN2745,1
SEN2746,1
SEN2746B,1
SEN2747,1
SEN2748,1
SEN2749,1
SEN2750,1
SEN2751,1
SEN2752,1
SEN2753,1
SEN2754,1
SEN2755,1
SEN2756,1
SEN2757,1
SEN2758,1
SEN2759,1
SEN2760,1
SEN2761,1
SEN2762,1
SEN2763,1
SEN2764,1
SEN2765,1
SEN2766,1
SEN2767,1
SEN2768,1
SEN2769,1
SEN2770,1
SEN2771,1
SEN2772,1
SEN2773,1
SEN2774,1
SEN2775,1
SEN2776,1
SEN2777,1
SEN2778,1
SEN2779,1
SEN2780,1
SEN2781,1
SEN2782,1
SEN2783,1
SEN2784,1
SEN2785,1
SEN2786,1
SEN2787,1
SEN2788,1
SEN2789,1
SEN2790,1
SEN2791,1
SEN2792,1
SEN2793,1
SEN2794,1
SEN2795,1
SEN2796,1
SEN2797,1
SEN2798,1
SEN2799,1
SEN2801,1
SEN2802,1
SEN2803,1
SEN2804,1
SEN2805,1
SEN2806,1
SEN2807,1
SEN2808,1
SEN2809,1
SEN2810,1
SEN2811,1
SEN2812,1
SEN2813,1
SEN2814,1
SEN2815,1
SEN2817,1
SEN2818,1
SEN2819,1
SEN2819A,1
SEN2820,1
SEN2821,1
SEN2822,1
SEN2823,1
SEN2824,1
SEN2825,1
SEN2826,1
SEN2827,1
SEN2828,1
SEN2829,1
SEN2830,1
SEN2831,1
SEN2832,1
SEN2833,1
SEN2834,1
SEN2835,1
SEN2836,1
SEN2837,1
SEN2838,1
SEN2839,1
SEN2840,1
SEN2841,1
SEN2842,1
SEN2843,1
SEN2844,1
SEN2845,1
SEN2846,1
SEN2848,1
SEN2849,1
SEN2850,1
SEN2851,1
SEN2852,1
SEN2853,1
SEN2854,1
SEN2855,1
SEN2856,1
SEN2857,1
SEN2858,1
SEN2859,1
SEN2860,1
SEN2861,1
SEN2862,1
SEN2863,1
SEN2864,1
SEN2865,1
SEN2866,1
SEN2867,1
SEN2868,1
SEN2869,1
SEN2870,1
SEN2871,1
SEN2872,1
SEN2873,1
SEN2874,1
SEN2875,1
SEN2877,1
SEN2878,1
SEN2879,1
SEN2880,1
SEN2881,1
SEN2882,1
SEN2883,1
SEN2884,1
SEN2885,1
SEN2886,1
SEN2887,1
SEN2888,1
SEN2889,1
SEN2890,1
SEN2891,1
SEN2892,1
SEN2893,1
SEN2894,1
SEN2895,1
SEN2896,1
SEN2897,1
SEN2898,1
SEN2899,1
SEN2900,1
SEN2901,1
SEN2902,1
SEN2903,1
SEN2904,1
SEN2905,1
SEN2906,1
SEN2907,1
SEN2908,1
SEN2909,1
SEN2910,1
SEN2911,1
SEN2912,1
SEN2913,1
SEN2914,1
SEN2915,1
SEN2916,1
SEN2917,1
SEN2918,1
SEN2919,1
SEN2920,1
SEN2921,1
SEN2922,1
SEN2923,1
SEN2924,1
SEN2925,1
SEN2926,1
SEN2928,1
SEN2929,1
SEN2930,1
SEN2931,1
SEN2932,1
SEN2933,1
SEN2934,1
SEN2935,1
SEN2936,1
SEN2937,1
SEN2938,1
SEN2939,1
SEN2940,1
SEN2941,1
SEN2942,1
SEN2943,1
SEN2944,1
SEN2945,1
SEN2946,1
SEN2947,1
SEN2948,1
SEN2949,1
SEN2950,1
SEN2951,1
SEN2952,1
SEN2953,1
SEN2954,1
SEN2955,1
SEN2956,1
SEN2958,1
SEN2959,1
SEN2960,1
SEN2961,1
SEN2962,1
SEN2963,1
SEN2964,1
SEN2965,1
SEN2966,1
SEN2967,1
SEN2968,1
SEN2969,1
SEN2970,1
SEN2971,1
SEN2972,1
SEN2973,1
SEN2974,1
SEN2975,1
SEN2976,1
SEN2977,1
SEN2978,1
SEN2979,1
SEN2980,1
SEN2981,1
SEN2982,1
SEN2983,1
SEN2984,1
SEN2985,1
SEN2986,1
SEN2987,1
SEN2988,1
SEN2989,1
SEN2990,1
SEN2991,1
SEN2992,1
SEN2993,1
SEN2994,1
SEN2995,1
SEN2996,1
SEN2997,1
SEN2998,1
SEN2999,1
SEN3000,1
SEN3001,1
SEN3002,1
SEN3003,1
SEN3004,1
SEN3005,1
SEN3006,1
SEN3007,1
SEN3008,1
SEN3009,1
SEN3010,1
SEN3011,1
SEN3012,1
SEN3013,1
SEN3014,1
SEN3015,1
SEN3016,1
SEN3017,1
SEN3018,1
SEN3019,1
SEN3020,1
SEN3021,1
SEN3022,1
SEN3023,1
SEN3024,1
SEN3025,1
SEN3026,1
SEN3027,1
SEN3028,1
SEN3029,1
SEN3030,1
SEN3031,1
SEN3032,1
SEN3033,1
SEN3034,1
SEN3035,1
SEN3036,1
SEN3037,1
SEN3038,1
SEN3039,1
SEN3040,1
SEN3041,1
SEN3042,1
SEN3043,1
SEN3044,1
SEN3045,1
SEN3046,1
SEN3047,1
SEN3048,1
SEN3049,1
SEN3049A,1
SEN3051,1
SEN3052,1
SEN3053,1
SEN3054,1
SEN3055,1
SEN3056,1
SEN3057,1
SEN3058,1
SEN3059,1
SEN3060,1
SEN3061,1
SEN3062,1
SEN3063,1
SEN3064,1
SEN3065,1
SEN3066,1
SEN3067,1
SEN3068,1
SEN3069,1
SEN3070,1
SEN3071,1
SEN3072,1
SEN3073,1
SEN3074,1
SEN3075,1
SEN3076,1
SEN3077,1
SEN3078,1
SEN3079,1
SEN3080,1
SEN3081,1
SEN3082,1
SEN3083,1
SEN3084,1
SEN3085,1
SEN3086,1
SEN3087,1
SEN3088,1
SEN3089,1
SEN3090,1
SEN3091,1
SEN3092,1
SEN3093,1
SEN3094,1
SEN3095,1
SEN3096,1
SEN3097,1
SEN3098,1
SEN3099,1
SEN3100,1
SEN3101,1
SEN3102,1
SEN3103,1
SEN3104,1
SEN3105,1
SEN3106,1
SEN3107,1
SEN3108,1
SEN3109,1
SEN3110,1
SEN3111,1
SEN3112,1
SEN3113,1
SEN3114,1
SEN3115,1
SEN3116,1
SEN3117,1
SEN3118,1
SEN3119,1
SEN3120,1
SEN3121,1
SEN3122,1
SEN3123,1
SEN3124,1
SEN3125,1
SEN3126,1
SEN3127,1
SEN3128,1
SEN3129,1
SEN3130,1
SEN3131,1
SEN3132,1
SEN3133,1
SEN3134,1
SEN3135,1
SEN3136,1
SEN3137,1
SEN3138,1
SEN3139,1
SEN3140,1
SEN3141,1
SEN3142,1
SEN3143,1
SEN3144,1
SEN3145,1
SEN3146,1
SEN3147,1
SEN3148,1
SEN3149,1
SEN3150,1
SEN3151,1
SEN3152,1
SEN3153,1
SEN3154,1
SEN3155,1
SEN3156,1
SEN3157,1
SEN3158,1
SEN3159,1
SEN3160,1
SEN3161,1
SEN3162,1
SEN3163,1
SEN3164,1
SEN3165,1
SEN3166,1
SEN3167,1
SEN3168,1
SEN3169,1
SEN3170,1
SEN3171,1
SEN3172,1
SEN3173,1
SEN3174,1
SEN3175,1
SEN3176,1
SEN3177,1
SEN3178,1
SEN3179,1
SEN3180,1
SEN3181,1
SEN3182,1
SEN3183,1
SEN3184,1
SEN3185,1
SEN3186,1
SEN3187,1
SEN3188,1
SEN3189,1
SEN3190,1
SEN3191,1
SEN3192,1
SEN3193,1
SEN3194,1
SEN3195,1
SEN3196,1
SEN3197,1
SEN3198,1
SEN3199,1
SEN3200,1
SEN3201,1
SEN3202,1
SEN3203,1
SEN3204,1
SEN3205,1
SEN3206,1
SEN3207,1
SEN3209,1
SEN3210,1
SEN3211,1
SEN3212,1
SEN3213,1
SEN3214,1
SEN3215,1
SEN3216,1
SEN3217,1
SEN3218,1
SEN3219,1
SEN3220,1
SEN3221,1
SEN3222,1
SEN3223,1
SEN3224,1
SEN3225,1
SEN3226,1
SEN3227,1
SEN3228,1
SEN3229,1
SEN3230,1
SEN3231,1
SEN3232,1
SEN3233,1
SEN3234,1
SEN3235,1
SEN3236,1
SEN3237,1
SEN3238,1
SEN3239,1
SEN3240,1
SEN3241,1
SEN3242,1
SEN3243,1
SEN3244,1
SEN3245,1
SEN3246,1
SEN3247,1
SEN3248,1
SEN3249,1
SEN3250,1
SEN3251,1
SEN3252,1
SEN3253,1
SEN3254,1
SEN3255,1
SEN3256,1
SEN3257,1
SEN3258,1
SEN3259,1
SEN3260,1
SEN3261,1
SEN3262,1
SEN3263,1
SEN3264,1
SEN3265,1
SEN3266,1
SEN3267,1
SEN3268,1
SEN3269,1
SEN3270,1
SEN3271,1
SEN3272,1
SEN3273,1
SEN3274,1
SEN3275,1
SEN3276,1
SEN3277,1
SEN3278,1
SEN3279,1
SEN3280,1
SEN3281,1
SEN3282,1
SEN3283,1
SEN3284,1
SEN3285,1
SEN3286,1
SEN3287,1
SEN3288,1
SEN3289,1
SEN3290,1
SEN3291,1
SEN3292,1
SEN3293,1
SEN3294,1
SEN3295,1
SEN3296,1
SEN3297,1
SEN3298,1
SEN3299,1
SEN3300,1
SEN3301,1
SEN3302,1
SEN3303,1
SEN3304,1
SEN3305,1
SEN3306,1
SEN3307,1
SEN3308,1
SEN3309,1
SEN3310,1
SEN3311,1
SEN3312,1
SEN3313,1
SEN3314,1
SEN3315,1
SEN3316,1
SEN3317,1
SEN3318,1
SEN3319,1
SEN3320,1
SEN3321,1
SEN3322,1
SEN3323,1
SEN3324,1
SEN3325,1
SEN3326,1
SEN3327,1
SEN3328,1
SEN3329,1
SEN3330,1
SEN3331,1
SEN3332,1
SEN3333,1
SEN3334,1
SEN3335,1
SEN3336,1
SEN3337,1
SEN3338,1
SEN3339,1
SEN3340,1
SEN3341,1
SEN3342,1
SEN3343,1
SEN3344,1
SEN3345,1
SEN3346,1
SEN3347,1
SEN3348,1
SEN3349,1
SEN3350,1
SEN3351,1
SEN3352,1
SEN3353,1
SEN3354,1
SEN3354A,1
SEN3355,1
SEN3356,1
SEN3357,1
SEN3358,1
SEN3359,1
SEN3360,1
SEN3361,1
SEN3362,1
SEN3363,1
SEN3364,1
SEN3365,1
SEN3366,1
SEN3367,1
SEN3368,1
SEN3369,1
SEN3370,1
SEN3371,1
SEN3372,1
SEN3373,1
SEN3374,1
SEN3375,1
SEN3376,1
SEN3377,1
SEN3378,1
SEN3379,1
SEN3380,1
SEN3381,1
SEN3382,1
SEN3383,1
SEN3384,1
SEN3385,1
SEN3386,1
SEN3387,1
SEN3388,1
SEN3390,1
SEN3391,1
SEN3392,1
SEN3393,1
SEN3394,1
SEN3395,1
SEN3396,1
SEN3397,1
SEN3398,1
SEN3399,1
SEN3400,1
SEN3401,1
SEN3402,1
SEN3403,1
SEN3404,1
SEN3405,1
SEN3406,1
SEN3407,1
SEN3408,1
SEN3409,1
SEN3410,1
SEN3411,1
SEN3412,1
SEN3413,1
SEN3414,1
SEN3415,1
SEN3416,1
SEN3417,1
SEN3418,1
SEN3419,1
SEN3420,1
SEN3421,1
SEN3422,1
SEN3423,1
SEN3424,1
SEN3425,1
SEN3426,1
SEN3427,1
SEN3428,1
SEN3429,1
SEN3430,1
SEN3431,1
SEN3432,1
SEN3433,1
SEN3434,1
SEN3435,1
SEN3436,1
SEN3437,1
SEN3438,1
SEN3439,1
SEN3440,1
SEN3441,1
SEN3442,1
SEN3443,1
SEN3444,1
SEN3445,1
SEN3446,1
SEN3447,1
SEN3448,1
SEN3449,1
SEN3450,1
SEN3451,1
SEN3452,1
SEN3453,1
SEN3454,1
SEN3455,1
SEN3456,1
SEN3457,1
SEN3458,1
SEN3459,1
SEN3460,1
SEN3461,1
SEN3462,1
SEN3463,1
SEN3464,1
SEN3465,1
SEN3466,1
SEN3467,1
SEN3468,1
SEN3469,1
SEN3470,1
SEN3471,1
SEN3472,1
SEN3473,1
SEN3474,1
SEN3475,1
SEN3476,1
SEN3476A,1
SEN3476B,1
SEN3477,1
SEN3478,1
SEN3479,1
SEN3480,1
SEN3481,1
SEN3482,1
SEN3483,1
SEN3484,1
SEN3485,1
SEN3486,1
SEN3487,1
SEN3488,1
SEN3489,1
SEN3490,1
SEN3491,1
SEN3492,1
SEN3493,1
SEN3494,1
SEN3495,1
SEN3496,1
SEN3497,1
SEN3498,1
SEN3499,1
SEN3500,1
SEN3501,1
SEN3502,1
SEN3503,1
SEN3504,1
SEN3505,1
SEN3506,1
SEN3507,1
SEN3508,1
SEN3509,1
SEN3510,1
SEN3511,1
SEN3512,1
SEN3513,1
SEN3514,1
SEN3515,1
SEN3516,1
SEN3517,1
SEN3518,1
SEN3519,1
SEN3520,1
SEN3521,1
SEN3522,1
SEN3523,1
SEN3524,1
SEN3525,1
SEN3526,1
SEN3527,1
SEN3528,1
SEN3529,1
SEN3530,1
SEN3531,1
SEN3532,1
SEN3533,1
SEN3534,1
SEN3535,1
SEN3536,1
SEN3537,1
SEN3538,1
SEN3539,1
SEN3540,1
SEN3541,1
SEN3543,1
SEN3544,1
SEN3545,1
SEN3546,1
SEN3547,1
SEN3548,1
SEN3549,1
SEN3550,1
SEN3551,1
SEN3552,1
SEN3553,1
SEN3554,1
SEN3555,1
SEN3556,1
SEN3557,1
SEN3558,1
SEN3559,1
SEN3560,1
SEN3561,1
SEN3562,1
SEN3563,1
SEN3564,1
SEN3565,1
SEN3566,1
SEN3567,1
SEN3568,1
SEN3569,1
SEN3570,1
SEN3571,1
SEN3572,1
SEN3573,1
SEN3577,1
SEN3577A,1
SEN3579,1
SEN3580,1
SEN3581,1
SEN3582,1
SEN3583,1
SEN3584,1
SEN3585,1
SEN3586,1
SEN3587,1
SEN3588,1
SEN3589,1
SEN3590,1
SEN3591,1
SEN3592,1
SEN3593,1
SEN3594,1
SEN3595,1
SEN3596,1
SEN3597,1
SEN3598,1
SEN3599,1
SEN3600,1
SEN3601,1
SEN3602,1
SEN3603,1
SEN3604,1
SEN3605,1
SEN3607,1
SEN3608,1
SEN3609,1
SEN3610,1
SEN3611,1
SEN3612,1
SEN3614,1
SEN3615,1
SEN3616,1
SEN3617,1
SEN3618,1
SEN3619,1
SEN3620,1
SEN3621,1
SEN3622,1
SEN3623,1
SEN3624,1
SEN3625,1
SEN3626,1
SEN3627,1
SEN3628,1
SEN3629,1
SEN3630,1
SEN3631,1
SEN3632,1
SEN3633,1
SEN3634,1
SEN3635,1
SEN3636,1
SEN3637,1
SEN3638,1
SEN3639,1
SEN3640,1
SEN3641,1
SEN3642,1
SEN3643,1
SEN3644,1
SEN3645,1
SEN3646,1
SEN3647,1
SEN3648,1
SEN3649,1
SEN3650,1
SEN3651,1
SEN3652,1
SEN3653,1
SEN3654,1
SEN3655,1
SEN3656,1
SEN3657,1
SEN3658,1
SEN3659,1
SEN3660,1
SEN3661,1
SEN3662,1
SEN3663,1
SEN3664,1
SEN3665,1
SEN3666,1
SEN3667,1
SEN3668,1
SEN3669,1
SEN3670,1
SEN3671,1
SEN3672,1
SEN3673,1
SEN3674,1
SEN3675,1
SEN3676,1
SEN3677,1
SEN3678,1
SEN3679,1
SEN3680,1
SEN3681,1
SEN3682,1
SEN3683,1
SEN3684,1
SEN3685,1
SEN3686,1
SEN3687,1
SEN3688,1
SEN3689,1
SEN3690,1
SEN3691,1
SEN3692,1
SEN3693,1
SEN3694,1
SEN3695,1
SEN3696,1
SEN3697,1
SEN3698,1
SEN3699,1
SEN3700,1
SEN3701,1
SEN3703,1
SEN3704,1
SEN3705,1
SEN3706,1
SEN3707,1
SEN3708,1
SEN3709,1
SEN3710,1
SEN3711,1
SEN3712,1
SEN3713,1
SEN3714,1
SEN3715,1
SEN3716,1
SEN3718,1
SEN3719,1
SEN3720,1
SEN3721,1
SEN3722,1
SEN3723,1
SEN3724,1
SEN3725,1
SEN3726,1
SEN3727,1
SEN3728,1
SEN3729,1
SEN3730,1
SEN3731,1
SEN3732,1
SEN3733,1
SEN3734,1
SEN3735,1
SEN3736,1
SEN3737,1
SEN3738,1
SEN3739,1
SEN3740,1
SEN3741,1
SEN3742,1
SEN3743,1
SEN3744,1
SEN3745,1
SEN3746,1
SEN3747,1
SEN3748,1
SEN3749,1
SEN3750,1
SEN3751,1
SEN3752,1
SEN3753,1
SEN3754,1
SEN3755,1
SEN3756,1
SEN3757,1
SEN3758,1
SEN3759,1
SEN3760,1
SEN3761,1
SEN3762,1
SEN3763,1
SEN3764,1
SEN3765,1
SEN3766,1
SEN3767,1
SEN3768,1
SEN3769,1
SEN3770,1
SEN3771,1
SEN3772,1
SEN3773,1
SEN3774,1
SEN3775,1
SEN3776,1
SEN3777,1
SEN3778,1
SEN3779,1
SEN3780,1
SEN3781,1
SEN3782,1
SEN3783,1
SEN3784,1
SEN3785,1
SEN3786,1
SEN3787,1
SEN3788,1
SEN3789,1
SEN3791,1
SEN3792,1
SEN3793,1
SEN3794,1
SEN3795,1
SEN3796,1
SEN3797,1
SEN3798,1
SEN3799,1
SEN3800,1
SEN3801,1
SEN3802,1
SEN3803,1
SEN3804,1
SEN3806,1
SEN3807,1
SEN3808,1
SEN3809,1
SEN3810,1
SEN3811,1
SEN3812,1
SEN3813,1
SEN3814,1
SEN3815,1
SEN3816,1
SEN3817,1
SEN3818,1
SEN3819,1
SEN3820,1
SEN3821,1
SEN3822,1
SEN3823,1
SEN3824,1
SEN3825,1
SEN3826,1
SEN3827,1
SEN3828,1
SEN3830,1
SEN3831,1
SEN3832,1
SEN3833,1
SEN3834,1
SEN3835,1
SEN3836,1
SEN3837,1
SEN3838,1
SEN3839,1
SEN3840,1
SEN3841,1
SEN3842,1
SEN3843,1
SEN3844,1
SEN3845,1
SEN3846,1
SEN3847,1
SEN3848,1
SEN3849,1
SEN3850,1
SEN3851,1
SEN3852,1
SEN3853,1
SEN3854,1
SEN3855,1
SEN3856,1
SEN3857,1
SEN3858,1
SEN3859,1
SEN3861,1
SEN3862,1
SEN3863,1
SEN3864,1
SEN3865,1
SEN3866,1
SEN3867,1
SEN3868,1
SEN3869,1
SEN3870,1
SEN3871,1
SEN3872,1
SEN3873,1
SEN3874,1
SEN3875,1
SEN3876,1
SEN3877,1
SEN3878,1
SEN3879,1
SEN3880,1
SEN3881,1
SEN3882,1
SEN3883,1
SEN3884,1
SEN3885,1
SEN3886,1
SEN3887,1
SEN3888,1
SEN3889,1
SEN3890,1
SEN3891,1
SEN3892,1
SEN3893,1
SEN3894,1
SEN3895,1
SEN3896,1
SEN3897,1
SEN3898,1
SEN3899,1
SEN3900,1
SEN3901,1
SEN3902,1
SEN3903,1
SEN3904,1
SEN3905,1
SEN3907,1
SEN3908,1
SEN3909,1
SEN3910,1
SEN3911,1
SEN3913,1
SEN3914,1
SEN3915,1
SEN3916,1
SEN3917,1
SEN3918,1
SEN3919,1
SEN3920,1
SEN3921,1
SEN3922,1
SEN3923,1
SEN3924,1
SEN3925,1
SEN3926,1
SEN3927,1
SEN3928,1
SEN3930,1
SEN3931,1
SEN3932,1
SEN3933,1
SEN3934,1
SEN3935,1
SEN3936,1
SEN3937,1
SEN3938,1
SEN3941,1
SEN3945,1
SEN3946,1
SEN3947,1
SEN3948,1
SEN3949,1
SEN3950,1
SEN3951,1
SEN3952,1
SEN3953,1
SEN3954,1
SEN3955,1
SEN3956,1
SEN3957,1
SEN3958,1
SEN3959,1
SEN3960,1
SEN3961,1
SEN3962,1
SEN3963,1
SEN3964,1
SEN3965,1
SEN3966,1
SEN3967,1
SEN3968,1
SEN3969,1
SEN3970,1
SEN3972,1
SEN3973,1
SEN3975,1
SEN3976,1
SEN3977,1
SEN3978,1
SEN3979,1
SEN3980,1
SEN3981,1
SEN3982,1
SEN3984,1
SEN3985,1
SEN3986,1
SEN3987,1
SEN3988,1
SEN3989,1
SEN3991,1
SEN3992,1
SEN3993,1
SEN3994,1
SEN3995,1
SEN3997,1
SEN3998,1
SEN4000,1
SEN4001,1
SEN4002,1
SEN4003,1
SEN4004,1
SEN4005,1
SEN4006,1
SEN4007,1
SEN4009,1
SEN4010,1
SEN4011,1
SEN4012,1
SEN4013,1
SEN4014,1
SEN4015,1
SEN4016,1
SEN4017,1
SEN4018,1
SEN4019,1
SEN4020,1
SEN4021,1
SEN4022,1
SEN4023,1
SEN4025,1
SEN4026,1
SEN4027,1
SEN4028,1
SEN4029,1
SEN4030,1
SEN4032,1
SEN4033,1
SEN4034,1
SEN4035,1
SEN4036,1
SEN4037,1
SEN4038,1
SEN4039,1
SEN4040,1
SEN4041,1
SEN4042,1
SEN4043,1
SEN4044,1
SEN4045,1
SEN4047,1
SEN4048,1
SEN4049,1
SEN4050,1
SEN4051,1
SEN4052,1
SEN4053,1
SEN4054,1
SEN4055,1
SEN4056,1
SEN4057,1
SEN4058,1
SEN4059,1
SEN4060,1
SEN4061,1
SEN4062,1
SEN4063,1
SEN4064,1
SEN4065,1
SEN4066,1
SEN4067,1
SEN4068,1
SEN4069,1
SEN4071,1
SEN4072,1
SEN4073,1
SEN4075,1
SEN4076,1
SEN4077,1
SEN4078,1
SEN4079,1
SEN4080,1
SEN4081,1
SEN4082,1
SEN4084,1
SEN4085,1
SEN4086,1
SEN4088,1
SEN4089,1
SEN4090,1
SEN4092,1
SEN4093,1
SEN4094,1
SEN4095,1
SEN4096,1
SEN4097,1
SEN4098,1
SEN4099,1
SEN4100,1
SEN4101,1
SEN4102,1
SEN4103,1
SEN4104,1
SEN4105,1
SEN4106,1
SEN4107,1
SEN4108,1
SEN4109,1
SEN4110,1
SEN4111,1
SEN4112,1
SEN4113,1
SEN4114,1
SEN4115,1
SEN4116,1
SEN4117,1
SEN4118,1
SEN4119,1
SEN4120,1
SEN4121,1
SEN4122,1
SEN4123,1
SEN4124,1
SEN4125,1
SEN4126,1
SEN4127,1
SEN4128,1
SEN4129,1
SEN4130,1
SEN4131,1
SEN4132,1
SEN4133,1
SEN4134,1
SEN4135,1
SEN4136,1
SEN4137,1
SEN4138,1
SEN4139,1
SEN4140,1
SEN4141,1
SEN4142,1
SEN4143,1
SEN4144,1
SEN4145,1
SEN4146,1
SEN4147,1
SEN4148,1
SEN4149,1
SEN4150,1
SEN4151,1
SEN4152,1
SEN4153,1
SEN4154,1
SEN4155,1
SEN4156,1
SEN4157,1
SEN4158,1
SEN4159,1
SEN4160,1
SEN4161,1
SEN4162,1
SEN4163,1
SEN4164,1
SEN4165,1
SEN4166,1
SEN4167,1
SEN4168,1
SEN4169,1
SEN4170,1
SEN4171,1
SEN4172,1
SEN4174,1
SEN4175,1
SEN4176,1
SEN4177,1
SEN4178,1
SEN4179,1
SEN4180,1
SEN4181,1
SEN4182,1
SEN4183,1
SEN4184,1
SEN4185,1
SEN4186,1
SEN4187,1
SEN4188,1
SEN4189,1
SEN4190,1
SEN4191,1
SEN4192,1
SEN4193,1
SEN4194,1
SEN4195,1
SEN4196,1
SEN4198,1
SEN4199,1
SEN4200,1
SEN4201,1
SEN4202,1
SEN4204,1
SEN4204A,1
SEN4206,1
SEN4207,1
SEN4208,1
SEN4209,1
SEN4210,1
SEN4211,1
SEN4212,1
SEN4213,1
SEN4214,1
SEN4216,1
SEN4217,1
SEN4218,1
SEN4219,1
SEN4221,1
SEN4222,1
SEN4223,1
SEN4224,1
SEN4226,1
SEN4227,1
SEN4228,1
SEN4229,1
SEN4230,1
SEN4232,1
SEN4233,1
SEN4234,1
SEN4235,1
SEN4236,1
SEN4237,1
SEN4238,1
SEN4239,1
SEN4240,1
SEN4241,1
SEN4242,1
SEN4243,1
SEN4243A,1
SEN4244,1
SEN4246,1
SEN4248,1
SEN4249,1
SEN4251,1
SEN4252,1
SEN4253,1
SEN4254,1
SEN4255,1
SEN4259,1
SEN4260,1
SEN4261,1
SEN4262,1
SEN4263,1
SEN4264,1
SEN4265,1
SEN4266,1
SEN4267,1
SEN4268,1
SEN4270,1
SEN4271,1
SEN4272,1
SEN4273,1
SEN4274,1
SEN4275,1
SEN4276,1
SEN4277,1
SEN4278,1
SEN4279,1
SEN4280,1
SEN4282,1
SEN4283,1
SEN4284,1
SEN4285,1
SEN4286,1
SEN4287,1
SEN4290,1
SEN4291,1
SEN4292,1
SEN4293,1
SEN4294,1
SEN4295,1
SEN4296,1
SEN4297,1
SEN4298,1
SEN4299,1
SEN4300,1
SEN4301,1
SEN4302,1
SEN4303,1
SEN4304,1
SEN4305,1
SEN4306,1
SEN4307,1
SEN4308,1
SEN4309,1
SEN4310,1
SEN4311,1
SEN4312,1
SEN4313,1
SEN4314,1
SEN4315,1
SEN4316,1
SEN4317,1
SEN4318,1
SEN4319,1
SEN4320,1
SEN4321,1
SEN4322,1
SEN4323,1
SEN4324,1
SEN4325,1
SEN4326,1
SEN4327,1
SEN4328,1
SEN4329,1
SEN4330,1
SEN4331,1
SEN4331A,1
SEN4332,1
SEN4333,1
SEN4334,1
SEN4335,1
SEN4336,1
SEN4337,1
SEN4338,1
SEN4339,1
SEN4340,1
SEN4341,1
SEN4342,1
SEN4343,1
SEN4344,1
SEN4345,1
SEN4346,1
SEN4347,1
SEN4348,1
SEN4349,1
SEN4350,1
SEN4351,1
SEN4352,1
SEN4353,1
SEN4354,1
SEN4355,1
SEN4356,1
